Table S3. Effector gene signatures from GSEA gene sets,,,,,,,,,,,,
Entrez Gene Id,Gene Symbol,Gene Description,GSE9650_EFFECTOR_VS_EXHAUSTED_CD8_TCELL_UP,GSE9650_EXHAUSTED_VS_MEMORY_CD8_TCELL_DN,GSE9650_NAIVE_VS_EXHAUSTED_CD8_TCELL_UP,GSE9650_GP33_VS_GP276_LCMV_SPECIFIC_EXHAUSTED_CD8_TCELL_DN,GSE9650_NAIVE_VS_EFF_CD8_TCELL_DN,GSE9650_EFFECTOR_VS_MEMORY_CD8_TCELL_UP,KAECH_DAY8_EFF_VS_DAY15_EFF_CD8_TCELL_UP,KAECH_NAIVE_VS_DAY8_EFF_CD8_TCELL_DN,GSE29164_UNTREATED_VS_CD8_TCELL_TREATED_MELANOMA_DAY7_UP,GSE33374_CD8_ALPHAALPHA_VS_ALPHABETA_CD161_HIGH_TCELL_DN
280636,SELENOH,selenoprotein H [Source:HGNC Symbol;Acc:HGNC:18251],GSE9650_EFFECTOR_VS_EXHAUSTED_CD8_TCELL_UP,GSE9650_EXHAUSTED_VS_MEMORY_CD8_TCELL_DN,GSE9650_NAIVE_VS_EXHAUSTED_CD8_TCELL_UP,GSE9650_GP33_VS_GP276_LCMV_SPECIFIC_EXHAUSTED_CD8_TCELL_DN,,,KAECH_DAY8_EFF_VS_DAY15_EFF_CD8_TCELL_UP,,,
11344,TWF2,twinfilin actin binding protein 2 [Source:HGNC Symbol;Acc:HGNC:9621],GSE9650_EFFECTOR_VS_EXHAUSTED_CD8_TCELL_UP,GSE9650_EXHAUSTED_VS_MEMORY_CD8_TCELL_DN,GSE9650_NAIVE_VS_EXHAUSTED_CD8_TCELL_UP,GSE9650_GP33_VS_GP276_LCMV_SPECIFIC_EXHAUSTED_CD8_TCELL_DN,,,,,,
6732,SRPK1,SRSF protein kinase 1 [Source:HGNC Symbol;Acc:HGNC:11305],GSE9650_EFFECTOR_VS_EXHAUSTED_CD8_TCELL_UP,GSE9650_EXHAUSTED_VS_MEMORY_CD8_TCELL_DN,GSE9650_NAIVE_VS_EXHAUSTED_CD8_TCELL_UP,GSE9650_GP33_VS_GP276_LCMV_SPECIFIC_EXHAUSTED_CD8_TCELL_DN,,,,,,
64218,SEMA4A,semaphorin 4A [Source:HGNC Symbol;Acc:HGNC:10729],GSE9650_EFFECTOR_VS_EXHAUSTED_CD8_TCELL_UP,GSE9650_EXHAUSTED_VS_MEMORY_CD8_TCELL_DN,GSE9650_NAIVE_VS_EXHAUSTED_CD8_TCELL_UP,GSE9650_GP33_VS_GP276_LCMV_SPECIFIC_EXHAUSTED_CD8_TCELL_DN,,,,,,
119504,ANAPC16,anaphase promoting complex subunit 16 [Source:HGNC Symbol;Acc:HGNC:26976],GSE9650_EFFECTOR_VS_EXHAUSTED_CD8_TCELL_UP,GSE9650_EXHAUSTED_VS_MEMORY_CD8_TCELL_DN,GSE9650_NAIVE_VS_EXHAUSTED_CD8_TCELL_UP,GSE9650_GP33_VS_GP276_LCMV_SPECIFIC_EXHAUSTED_CD8_TCELL_DN,,,,,,
23582,CCNDBP1,cyclin D1 binding protein 1 [Source:HGNC Symbol;Acc:HGNC:1587],GSE9650_EFFECTOR_VS_EXHAUSTED_CD8_TCELL_UP,GSE9650_EXHAUSTED_VS_MEMORY_CD8_TCELL_DN,GSE9650_NAIVE_VS_EXHAUSTED_CD8_TCELL_UP,GSE9650_GP33_VS_GP276_LCMV_SPECIFIC_EXHAUSTED_CD8_TCELL_DN,,,,,,
3032,HADHB,hydroxyacyl-CoA dehydrogenase trifunctional multienzyme complex subunit beta [Source:HGNC Symbol;Acc:HGNC:4803],GSE9650_EFFECTOR_VS_EXHAUSTED_CD8_TCELL_UP,GSE9650_EXHAUSTED_VS_MEMORY_CD8_TCELL_DN,GSE9650_NAIVE_VS_EXHAUSTED_CD8_TCELL_UP,GSE9650_GP33_VS_GP276_LCMV_SPECIFIC_EXHAUSTED_CD8_TCELL_DN,,,,,,
5719,PSMD13,"proteasome 26S subunit, non-ATPase 13 [Source:HGNC Symbol;Acc:HGNC:9558]",GSE9650_EFFECTOR_VS_EXHAUSTED_CD8_TCELL_UP,GSE9650_EXHAUSTED_VS_MEMORY_CD8_TCELL_DN,GSE9650_NAIVE_VS_EXHAUSTED_CD8_TCELL_UP,GSE9650_GP33_VS_GP276_LCMV_SPECIFIC_EXHAUSTED_CD8_TCELL_DN,,,,,,
6510,SLC1A5,solute carrier family 1 member 5 [Source:HGNC Symbol;Acc:HGNC:10943],GSE9650_EFFECTOR_VS_EXHAUSTED_CD8_TCELL_UP,GSE9650_EXHAUSTED_VS_MEMORY_CD8_TCELL_DN,GSE9650_NAIVE_VS_EXHAUSTED_CD8_TCELL_UP,GSE9650_GP33_VS_GP276_LCMV_SPECIFIC_EXHAUSTED_CD8_TCELL_DN,,,,,,
10921,RNPS1,RNA binding protein with serine rich domain 1 [Source:HGNC Symbol;Acc:HGNC:10080],GSE9650_EFFECTOR_VS_EXHAUSTED_CD8_TCELL_UP,GSE9650_EXHAUSTED_VS_MEMORY_CD8_TCELL_DN,GSE9650_NAIVE_VS_EXHAUSTED_CD8_TCELL_UP,GSE9650_GP33_VS_GP276_LCMV_SPECIFIC_EXHAUSTED_CD8_TCELL_DN,,,,,,
813,CALU,calumenin [Source:HGNC Symbol;Acc:HGNC:1458],GSE9650_EFFECTOR_VS_EXHAUSTED_CD8_TCELL_UP,GSE9650_EXHAUSTED_VS_MEMORY_CD8_TCELL_DN,GSE9650_NAIVE_VS_EXHAUSTED_CD8_TCELL_UP,GSE9650_GP33_VS_GP276_LCMV_SPECIFIC_EXHAUSTED_CD8_TCELL_DN,,,,,,
60526,LDAH,lipid droplet associated hydrolase [Source:HGNC Symbol;Acc:HGNC:26145],GSE9650_EFFECTOR_VS_EXHAUSTED_CD8_TCELL_UP,GSE9650_EXHAUSTED_VS_MEMORY_CD8_TCELL_DN,GSE9650_NAIVE_VS_EXHAUSTED_CD8_TCELL_UP,GSE9650_GP33_VS_GP276_LCMV_SPECIFIC_EXHAUSTED_CD8_TCELL_DN,,,,,,
1965,EIF2S1,eukaryotic translation initiation factor 2 subunit alpha [Source:HGNC Symbol;Acc:HGNC:3265],GSE9650_EFFECTOR_VS_EXHAUSTED_CD8_TCELL_UP,GSE9650_EXHAUSTED_VS_MEMORY_CD8_TCELL_DN,GSE9650_NAIVE_VS_EXHAUSTED_CD8_TCELL_UP,GSE9650_GP33_VS_GP276_LCMV_SPECIFIC_EXHAUSTED_CD8_TCELL_DN,,,,,,
5001,ORC5,origin recognition complex subunit 5 [Source:HGNC Symbol;Acc:HGNC:8491],GSE9650_EFFECTOR_VS_EXHAUSTED_CD8_TCELL_UP,GSE9650_EXHAUSTED_VS_MEMORY_CD8_TCELL_DN,GSE9650_NAIVE_VS_EXHAUSTED_CD8_TCELL_UP,GSE9650_GP33_VS_GP276_LCMV_SPECIFIC_EXHAUSTED_CD8_TCELL_DN,,,,,,
51316,PLAC8,placenta associated 8 [Source:HGNC Symbol;Acc:HGNC:19254],GSE9650_EFFECTOR_VS_EXHAUSTED_CD8_TCELL_UP,GSE9650_EXHAUSTED_VS_MEMORY_CD8_TCELL_DN,GSE9650_NAIVE_VS_EXHAUSTED_CD8_TCELL_UP,,,,KAECH_DAY8_EFF_VS_DAY15_EFF_CD8_TCELL_UP,,GSE29164_UNTREATED_VS_CD8_TCELL_TREATED_MELANOMA_DAY7_UP,
6184,RPN1,ribophorin I [Source:HGNC Symbol;Acc:HGNC:10381],GSE9650_EFFECTOR_VS_EXHAUSTED_CD8_TCELL_UP,GSE9650_EXHAUSTED_VS_MEMORY_CD8_TCELL_DN,GSE9650_NAIVE_VS_EXHAUSTED_CD8_TCELL_UP,,,,KAECH_DAY8_EFF_VS_DAY15_EFF_CD8_TCELL_UP,,,
5635,PRPSAP1,phosphoribosyl pyrophosphate synthetase associated protein 1 [Source:HGNC Symbol;Acc:HGNC:9466],GSE9650_EFFECTOR_VS_EXHAUSTED_CD8_TCELL_UP,GSE9650_EXHAUSTED_VS_MEMORY_CD8_TCELL_DN,GSE9650_NAIVE_VS_EXHAUSTED_CD8_TCELL_UP,,,,,,GSE29164_UNTREATED_VS_CD8_TCELL_TREATED_MELANOMA_DAY7_UP,
8662,EIF3B,eukaryotic translation initiation factor 3 subunit B [Source:HGNC Symbol;Acc:HGNC:3280],GSE9650_EFFECTOR_VS_EXHAUSTED_CD8_TCELL_UP,GSE9650_EXHAUSTED_VS_MEMORY_CD8_TCELL_DN,GSE9650_NAIVE_VS_EXHAUSTED_CD8_TCELL_UP,,,,,,GSE29164_UNTREATED_VS_CD8_TCELL_TREATED_MELANOMA_DAY7_UP,
11202,KLK8,kallikrein related peptidase 8 [Source:HGNC Symbol;Acc:HGNC:6369],GSE9650_EFFECTOR_VS_EXHAUSTED_CD8_TCELL_UP,GSE9650_EXHAUSTED_VS_MEMORY_CD8_TCELL_DN,GSE9650_NAIVE_VS_EXHAUSTED_CD8_TCELL_UP,,,,,,,GSE33374_CD8_ALPHAALPHA_VS_ALPHABETA_CD161_HIGH_TCELL_DN
6304,SATB1,SATB homeobox 1 [Source:HGNC Symbol;Acc:HGNC:10541],GSE9650_EFFECTOR_VS_EXHAUSTED_CD8_TCELL_UP,GSE9650_EXHAUSTED_VS_MEMORY_CD8_TCELL_DN,GSE9650_NAIVE_VS_EXHAUSTED_CD8_TCELL_UP,,,,,,,GSE33374_CD8_ALPHAALPHA_VS_ALPHABETA_CD161_HIGH_TCELL_DN
3695,ITGB7,integrin subunit beta 7 [Source:HGNC Symbol;Acc:HGNC:6162],GSE9650_EFFECTOR_VS_EXHAUSTED_CD8_TCELL_UP,GSE9650_EXHAUSTED_VS_MEMORY_CD8_TCELL_DN,GSE9650_NAIVE_VS_EXHAUSTED_CD8_TCELL_UP,,,,,,,
54808,DYM,dymeclin [Source:HGNC Symbol;Acc:HGNC:21317],GSE9650_EFFECTOR_VS_EXHAUSTED_CD8_TCELL_UP,GSE9650_EXHAUSTED_VS_MEMORY_CD8_TCELL_DN,GSE9650_NAIVE_VS_EXHAUSTED_CD8_TCELL_UP,,,,,,,
1606,DGKA,diacylglycerol kinase alpha [Source:HGNC Symbol;Acc:HGNC:2849],GSE9650_EFFECTOR_VS_EXHAUSTED_CD8_TCELL_UP,GSE9650_EXHAUSTED_VS_MEMORY_CD8_TCELL_DN,GSE9650_NAIVE_VS_EXHAUSTED_CD8_TCELL_UP,,,,,,,
197370,NSMCE1,"NSE1 homolog, SMC5-SMC6 complex component [Source:HGNC Symbol;Acc:HGNC:29897]",GSE9650_EFFECTOR_VS_EXHAUSTED_CD8_TCELL_UP,GSE9650_EXHAUSTED_VS_MEMORY_CD8_TCELL_DN,GSE9650_NAIVE_VS_EXHAUSTED_CD8_TCELL_UP,,,,,,,
54998,AURKAIP1,aurora kinase A interacting protein 1 [Source:HGNC Symbol;Acc:HGNC:24114],GSE9650_EFFECTOR_VS_EXHAUSTED_CD8_TCELL_UP,GSE9650_EXHAUSTED_VS_MEMORY_CD8_TCELL_DN,GSE9650_NAIVE_VS_EXHAUSTED_CD8_TCELL_UP,,,,,,,
11140,CDC37,cell division cycle 37 [Source:HGNC Symbol;Acc:HGNC:1735],GSE9650_EFFECTOR_VS_EXHAUSTED_CD8_TCELL_UP,GSE9650_EXHAUSTED_VS_MEMORY_CD8_TCELL_DN,GSE9650_NAIVE_VS_EXHAUSTED_CD8_TCELL_UP,,,,,,,
51433,ANAPC5,anaphase promoting complex subunit 5 [Source:HGNC Symbol;Acc:HGNC:15713],GSE9650_EFFECTOR_VS_EXHAUSTED_CD8_TCELL_UP,GSE9650_EXHAUSTED_VS_MEMORY_CD8_TCELL_DN,GSE9650_NAIVE_VS_EXHAUSTED_CD8_TCELL_UP,,,,,,,
54,ACP5,"acid phosphatase 5, tartrate resistant [Source:HGNC Symbol;Acc:HGNC:124]",GSE9650_EFFECTOR_VS_EXHAUSTED_CD8_TCELL_UP,GSE9650_EXHAUSTED_VS_MEMORY_CD8_TCELL_DN,GSE9650_NAIVE_VS_EXHAUSTED_CD8_TCELL_UP,,,,,,,
4155,MBP,myelin basic protein [Source:HGNC Symbol;Acc:HGNC:6925],GSE9650_EFFECTOR_VS_EXHAUSTED_CD8_TCELL_UP,GSE9650_EXHAUSTED_VS_MEMORY_CD8_TCELL_DN,GSE9650_NAIVE_VS_EXHAUSTED_CD8_TCELL_UP,,,,,,,
5293,PIK3CD,"phosphatidylinositol-4,5-bisphosphate 3-kinase catalytic subunit delta [Source:HGNC Symbol;Acc:HGNC:8977]",GSE9650_EFFECTOR_VS_EXHAUSTED_CD8_TCELL_UP,GSE9650_EXHAUSTED_VS_MEMORY_CD8_TCELL_DN,GSE9650_NAIVE_VS_EXHAUSTED_CD8_TCELL_UP,,,,,,,
388695,LYSMD1,LysM domain containing 1 [Source:HGNC Symbol;Acc:HGNC:32070],GSE9650_EFFECTOR_VS_EXHAUSTED_CD8_TCELL_UP,GSE9650_EXHAUSTED_VS_MEMORY_CD8_TCELL_DN,GSE9650_NAIVE_VS_EXHAUSTED_CD8_TCELL_UP,,,,,,,
65265,C8orf33,chromosome 8 open reading frame 33 [Source:HGNC Symbol;Acc:HGNC:26104],GSE9650_EFFECTOR_VS_EXHAUSTED_CD8_TCELL_UP,GSE9650_EXHAUSTED_VS_MEMORY_CD8_TCELL_DN,GSE9650_NAIVE_VS_EXHAUSTED_CD8_TCELL_UP,,,,,,,
5875,RABGGTA,Rab geranylgeranyltransferase subunit alpha [Source:HGNC Symbol;Acc:HGNC:9795],GSE9650_EFFECTOR_VS_EXHAUSTED_CD8_TCELL_UP,GSE9650_EXHAUSTED_VS_MEMORY_CD8_TCELL_DN,GSE9650_NAIVE_VS_EXHAUSTED_CD8_TCELL_UP,,,,,,,
3821,KLRC1,killer cell lectin like receptor C1 [Source:HGNC Symbol;Acc:HGNC:6374],GSE9650_EFFECTOR_VS_EXHAUSTED_CD8_TCELL_UP,GSE9650_EXHAUSTED_VS_MEMORY_CD8_TCELL_DN,,GSE9650_GP33_VS_GP276_LCMV_SPECIFIC_EXHAUSTED_CD8_TCELL_DN,GSE9650_NAIVE_VS_EFF_CD8_TCELL_DN,GSE9650_EFFECTOR_VS_MEMORY_CD8_TCELL_UP,,KAECH_NAIVE_VS_DAY8_EFF_CD8_TCELL_DN,,
3683,ITGAL,integrin subunit alpha L [Source:HGNC Symbol;Acc:HGNC:6148],GSE9650_EFFECTOR_VS_EXHAUSTED_CD8_TCELL_UP,GSE9650_EXHAUSTED_VS_MEMORY_CD8_TCELL_DN,,GSE9650_GP33_VS_GP276_LCMV_SPECIFIC_EXHAUSTED_CD8_TCELL_DN,GSE9650_NAIVE_VS_EFF_CD8_TCELL_DN,,,,,
84299,MIEN1,migration and invasion enhancer 1 [Source:HGNC Symbol;Acc:HGNC:28230],GSE9650_EFFECTOR_VS_EXHAUSTED_CD8_TCELL_UP,GSE9650_EXHAUSTED_VS_MEMORY_CD8_TCELL_DN,,GSE9650_GP33_VS_GP276_LCMV_SPECIFIC_EXHAUSTED_CD8_TCELL_DN,,,,,GSE29164_UNTREATED_VS_CD8_TCELL_TREATED_MELANOMA_DAY7_UP,
56941,HMCES,"5-hydroxymethylcytosine binding, ES cell specific [Source:HGNC Symbol;Acc:HGNC:24446]",GSE9650_EFFECTOR_VS_EXHAUSTED_CD8_TCELL_UP,GSE9650_EXHAUSTED_VS_MEMORY_CD8_TCELL_DN,,GSE9650_GP33_VS_GP276_LCMV_SPECIFIC_EXHAUSTED_CD8_TCELL_DN,,,,,,
11329,STK38,serine/threonine kinase 38 [Source:HGNC Symbol;Acc:HGNC:17847],GSE9650_EFFECTOR_VS_EXHAUSTED_CD8_TCELL_UP,GSE9650_EXHAUSTED_VS_MEMORY_CD8_TCELL_DN,,GSE9650_GP33_VS_GP276_LCMV_SPECIFIC_EXHAUSTED_CD8_TCELL_DN,,,,,,
51176,LEF1,lymphoid enhancer binding factor 1 [Source:HGNC Symbol;Acc:HGNC:6551],GSE9650_EFFECTOR_VS_EXHAUSTED_CD8_TCELL_UP,GSE9650_EXHAUSTED_VS_MEMORY_CD8_TCELL_DN,,GSE9650_GP33_VS_GP276_LCMV_SPECIFIC_EXHAUSTED_CD8_TCELL_DN,,,,,,
1994,ELAVL1,ELAV like RNA binding protein 1 [Source:HGNC Symbol;Acc:HGNC:3312],GSE9650_EFFECTOR_VS_EXHAUSTED_CD8_TCELL_UP,GSE9650_EXHAUSTED_VS_MEMORY_CD8_TCELL_DN,,GSE9650_GP33_VS_GP276_LCMV_SPECIFIC_EXHAUSTED_CD8_TCELL_DN,,,,,,
23625,FAM89B,family with sequence similarity 89 member B [Source:HGNC Symbol;Acc:HGNC:16708],GSE9650_EFFECTOR_VS_EXHAUSTED_CD8_TCELL_UP,GSE9650_EXHAUSTED_VS_MEMORY_CD8_TCELL_DN,,,GSE9650_NAIVE_VS_EFF_CD8_TCELL_DN,GSE9650_EFFECTOR_VS_MEMORY_CD8_TCELL_UP,KAECH_DAY8_EFF_VS_DAY15_EFF_CD8_TCELL_UP,KAECH_NAIVE_VS_DAY8_EFF_CD8_TCELL_DN,,
8807,IL18RAP,interleukin 18 receptor accessory protein [Source:HGNC Symbol;Acc:HGNC:5989],GSE9650_EFFECTOR_VS_EXHAUSTED_CD8_TCELL_UP,GSE9650_EXHAUSTED_VS_MEMORY_CD8_TCELL_DN,,,GSE9650_NAIVE_VS_EFF_CD8_TCELL_DN,GSE9650_EFFECTOR_VS_MEMORY_CD8_TCELL_UP,,KAECH_NAIVE_VS_DAY8_EFF_CD8_TCELL_DN,GSE29164_UNTREATED_VS_CD8_TCELL_TREATED_MELANOMA_DAY7_UP,GSE33374_CD8_ALPHAALPHA_VS_ALPHABETA_CD161_HIGH_TCELL_DN
729230,CCR2,C-C motif chemokine receptor 2 [Source:HGNC Symbol;Acc:HGNC:1603],GSE9650_EFFECTOR_VS_EXHAUSTED_CD8_TCELL_UP,GSE9650_EXHAUSTED_VS_MEMORY_CD8_TCELL_DN,,,GSE9650_NAIVE_VS_EFF_CD8_TCELL_DN,GSE9650_EFFECTOR_VS_MEMORY_CD8_TCELL_UP,,KAECH_NAIVE_VS_DAY8_EFF_CD8_TCELL_DN,GSE29164_UNTREATED_VS_CD8_TCELL_TREATED_MELANOMA_DAY7_UP,
301,ANXA1,annexin A1 [Source:HGNC Symbol;Acc:HGNC:533],GSE9650_EFFECTOR_VS_EXHAUSTED_CD8_TCELL_UP,GSE9650_EXHAUSTED_VS_MEMORY_CD8_TCELL_DN,,,GSE9650_NAIVE_VS_EFF_CD8_TCELL_DN,GSE9650_EFFECTOR_VS_MEMORY_CD8_TCELL_UP,,KAECH_NAIVE_VS_DAY8_EFF_CD8_TCELL_DN,GSE29164_UNTREATED_VS_CD8_TCELL_TREATED_MELANOMA_DAY7_UP,
3687,ITGAX,integrin subunit alpha X [Source:HGNC Symbol;Acc:HGNC:6152],GSE9650_EFFECTOR_VS_EXHAUSTED_CD8_TCELL_UP,GSE9650_EXHAUSTED_VS_MEMORY_CD8_TCELL_DN,,,GSE9650_NAIVE_VS_EFF_CD8_TCELL_DN,GSE9650_EFFECTOR_VS_MEMORY_CD8_TCELL_UP,,KAECH_NAIVE_VS_DAY8_EFF_CD8_TCELL_DN,,
309,ANXA6,annexin A6 [Source:HGNC Symbol;Acc:HGNC:544],GSE9650_EFFECTOR_VS_EXHAUSTED_CD8_TCELL_UP,GSE9650_EXHAUSTED_VS_MEMORY_CD8_TCELL_DN,,,GSE9650_NAIVE_VS_EFF_CD8_TCELL_DN,,KAECH_DAY8_EFF_VS_DAY15_EFF_CD8_TCELL_UP,KAECH_NAIVE_VS_DAY8_EFF_CD8_TCELL_DN,,
402778,IFITM10,interferon induced transmembrane protein 10 [Source:HGNC Symbol;Acc:HGNC:40022],GSE9650_EFFECTOR_VS_EXHAUSTED_CD8_TCELL_UP,GSE9650_EXHAUSTED_VS_MEMORY_CD8_TCELL_DN,,,GSE9650_NAIVE_VS_EFF_CD8_TCELL_DN,,,KAECH_NAIVE_VS_DAY8_EFF_CD8_TCELL_DN,GSE29164_UNTREATED_VS_CD8_TCELL_TREATED_MELANOMA_DAY7_UP,GSE33374_CD8_ALPHAALPHA_VS_ALPHABETA_CD161_HIGH_TCELL_DN
22914,KLRK1,killer cell lectin like receptor K1 [Source:HGNC Symbol;Acc:HGNC:18788],GSE9650_EFFECTOR_VS_EXHAUSTED_CD8_TCELL_UP,GSE9650_EXHAUSTED_VS_MEMORY_CD8_TCELL_DN,,,GSE9650_NAIVE_VS_EFF_CD8_TCELL_DN,,,KAECH_NAIVE_VS_DAY8_EFF_CD8_TCELL_DN,GSE29164_UNTREATED_VS_CD8_TCELL_TREATED_MELANOMA_DAY7_UP,
6302,TSPAN31,tetraspanin 31 [Source:HGNC Symbol;Acc:HGNC:10539],GSE9650_EFFECTOR_VS_EXHAUSTED_CD8_TCELL_UP,GSE9650_EXHAUSTED_VS_MEMORY_CD8_TCELL_DN,,,GSE9650_NAIVE_VS_EFF_CD8_TCELL_DN,,,KAECH_NAIVE_VS_DAY8_EFF_CD8_TCELL_DN,,
3764,KCNJ8,potassium voltage-gated channel subfamily J member 8 [Source:HGNC Symbol;Acc:HGNC:6269],GSE9650_EFFECTOR_VS_EXHAUSTED_CD8_TCELL_UP,GSE9650_EXHAUSTED_VS_MEMORY_CD8_TCELL_DN,,,GSE9650_NAIVE_VS_EFF_CD8_TCELL_DN,,,,,
2213,FCGR2B,Fc fragment of IgG receptor IIb [Source:HGNC Symbol;Acc:HGNC:3618],GSE9650_EFFECTOR_VS_EXHAUSTED_CD8_TCELL_UP,GSE9650_EXHAUSTED_VS_MEMORY_CD8_TCELL_DN,,,GSE9650_NAIVE_VS_EFF_CD8_TCELL_DN,,,,,
3824,KLRD1,killer cell lectin like receptor D1 [Source:HGNC Symbol;Acc:HGNC:6378],GSE9650_EFFECTOR_VS_EXHAUSTED_CD8_TCELL_UP,GSE9650_EXHAUSTED_VS_MEMORY_CD8_TCELL_DN,,,,,,,GSE29164_UNTREATED_VS_CD8_TCELL_TREATED_MELANOMA_DAY7_UP,GSE33374_CD8_ALPHAALPHA_VS_ALPHABETA_CD161_HIGH_TCELL_DN
2817,GPC1,glypican 1 [Source:HGNC Symbol;Acc:HGNC:4449],GSE9650_EFFECTOR_VS_EXHAUSTED_CD8_TCELL_UP,GSE9650_EXHAUSTED_VS_MEMORY_CD8_TCELL_DN,,,,,,,GSE29164_UNTREATED_VS_CD8_TCELL_TREATED_MELANOMA_DAY7_UP,GSE33374_CD8_ALPHAALPHA_VS_ALPHABETA_CD161_HIGH_TCELL_DN
81558,FAM117A,family with sequence similarity 117 member A [Source:HGNC Symbol;Acc:HGNC:24179],GSE9650_EFFECTOR_VS_EXHAUSTED_CD8_TCELL_UP,GSE9650_EXHAUSTED_VS_MEMORY_CD8_TCELL_DN,,,,,,,,GSE33374_CD8_ALPHAALPHA_VS_ALPHABETA_CD161_HIGH_TCELL_DN
7409,VAV1,vav guanine nucleotide exchange factor 1 [Source:HGNC Symbol;Acc:HGNC:12657],GSE9650_EFFECTOR_VS_EXHAUSTED_CD8_TCELL_UP,GSE9650_EXHAUSTED_VS_MEMORY_CD8_TCELL_DN,,,,,,,,GSE33374_CD8_ALPHAALPHA_VS_ALPHABETA_CD161_HIGH_TCELL_DN
65983,GRAMD2B,GRAM domain containing 2B [Source:HGNC Symbol;Acc:HGNC:24911],GSE9650_EFFECTOR_VS_EXHAUSTED_CD8_TCELL_UP,GSE9650_EXHAUSTED_VS_MEMORY_CD8_TCELL_DN,,,,,,,,
23765,IL17RA,interleukin 17 receptor A [Source:HGNC Symbol;Acc:HGNC:5985],GSE9650_EFFECTOR_VS_EXHAUSTED_CD8_TCELL_UP,GSE9650_EXHAUSTED_VS_MEMORY_CD8_TCELL_DN,,,,,,,,
10123,ARL4C,ADP ribosylation factor like GTPase 4C [Source:HGNC Symbol;Acc:HGNC:698],GSE9650_EFFECTOR_VS_EXHAUSTED_CD8_TCELL_UP,GSE9650_EXHAUSTED_VS_MEMORY_CD8_TCELL_DN,,,,,,,,
3384,ICAM2,intercellular adhesion molecule 2 [Source:HGNC Symbol;Acc:HGNC:5345],GSE9650_EFFECTOR_VS_EXHAUSTED_CD8_TCELL_UP,GSE9650_EXHAUSTED_VS_MEMORY_CD8_TCELL_DN,,,,,,,,
8312,AXIN1,axin 1 [Source:HGNC Symbol;Acc:HGNC:903],GSE9650_EFFECTOR_VS_EXHAUSTED_CD8_TCELL_UP,GSE9650_EXHAUSTED_VS_MEMORY_CD8_TCELL_DN,,,,,,,,
51280,GOLM1,golgi membrane protein 1 [Source:HGNC Symbol;Acc:HGNC:15451],GSE9650_EFFECTOR_VS_EXHAUSTED_CD8_TCELL_UP,GSE9650_EXHAUSTED_VS_MEMORY_CD8_TCELL_DN,,,,,,,,
665,BNIP3L,BCL2 interacting protein 3 like [Source:HGNC Symbol;Acc:HGNC:1085],GSE9650_EFFECTOR_VS_EXHAUSTED_CD8_TCELL_UP,GSE9650_EXHAUSTED_VS_MEMORY_CD8_TCELL_DN,,,,,,,,
2113,ETS1,"ETS proto-oncogene 1, transcription factor [Source:HGNC Symbol;Acc:HGNC:3488]",GSE9650_EFFECTOR_VS_EXHAUSTED_CD8_TCELL_UP,GSE9650_EXHAUSTED_VS_MEMORY_CD8_TCELL_DN,,,,,,,,
644,BLVRA,biliverdin reductase A [Source:HGNC Symbol;Acc:HGNC:1062],GSE9650_EFFECTOR_VS_EXHAUSTED_CD8_TCELL_UP,GSE9650_EXHAUSTED_VS_MEMORY_CD8_TCELL_DN,,,,,,,,
10969,EBNA1BP2,EBNA1 binding protein 2 [Source:HGNC Symbol;Acc:HGNC:15531],GSE9650_EFFECTOR_VS_EXHAUSTED_CD8_TCELL_UP,GSE9650_EXHAUSTED_VS_MEMORY_CD8_TCELL_DN,,,,,,,,
9583,ENTPD4,ectonucleoside triphosphate diphosphohydrolase 4 [Source:HGNC Symbol;Acc:HGNC:14573],GSE9650_EFFECTOR_VS_EXHAUSTED_CD8_TCELL_UP,GSE9650_EXHAUSTED_VS_MEMORY_CD8_TCELL_DN,,,,,,,,
1611,DAP,death associated protein [Source:HGNC Symbol;Acc:HGNC:2672],GSE9650_EFFECTOR_VS_EXHAUSTED_CD8_TCELL_UP,,GSE9650_NAIVE_VS_EXHAUSTED_CD8_TCELL_UP,GSE9650_GP33_VS_GP276_LCMV_SPECIFIC_EXHAUSTED_CD8_TCELL_DN,GSE9650_NAIVE_VS_EFF_CD8_TCELL_DN,GSE9650_EFFECTOR_VS_MEMORY_CD8_TCELL_UP,KAECH_DAY8_EFF_VS_DAY15_EFF_CD8_TCELL_UP,,,GSE33374_CD8_ALPHAALPHA_VS_ALPHABETA_CD161_HIGH_TCELL_DN
3290,HSD11B1,hydroxysteroid 11-beta dehydrogenase 1 [Source:HGNC Symbol;Acc:HGNC:5208],GSE9650_EFFECTOR_VS_EXHAUSTED_CD8_TCELL_UP,,GSE9650_NAIVE_VS_EXHAUSTED_CD8_TCELL_UP,GSE9650_GP33_VS_GP276_LCMV_SPECIFIC_EXHAUSTED_CD8_TCELL_DN,GSE9650_NAIVE_VS_EFF_CD8_TCELL_DN,,,,,
6730,SRP68,signal recognition particle 68 [Source:HGNC Symbol;Acc:HGNC:11302],GSE9650_EFFECTOR_VS_EXHAUSTED_CD8_TCELL_UP,,GSE9650_NAIVE_VS_EXHAUSTED_CD8_TCELL_UP,GSE9650_GP33_VS_GP276_LCMV_SPECIFIC_EXHAUSTED_CD8_TCELL_DN,,,KAECH_DAY8_EFF_VS_DAY15_EFF_CD8_TCELL_UP,,,
8893,EIF2B5,eukaryotic translation initiation factor 2B subunit epsilon [Source:HGNC Symbol;Acc:HGNC:3261],GSE9650_EFFECTOR_VS_EXHAUSTED_CD8_TCELL_UP,,GSE9650_NAIVE_VS_EXHAUSTED_CD8_TCELL_UP,GSE9650_GP33_VS_GP276_LCMV_SPECIFIC_EXHAUSTED_CD8_TCELL_DN,,,,,,
6945,MLX,MAX dimerization protein MLX [Source:HGNC Symbol;Acc:HGNC:11645],GSE9650_EFFECTOR_VS_EXHAUSTED_CD8_TCELL_UP,,GSE9650_NAIVE_VS_EXHAUSTED_CD8_TCELL_UP,GSE9650_GP33_VS_GP276_LCMV_SPECIFIC_EXHAUSTED_CD8_TCELL_DN,,,,,,
79064,TMEM223,transmembrane protein 223 [Source:NCBI gene;Acc:79064],GSE9650_EFFECTOR_VS_EXHAUSTED_CD8_TCELL_UP,,GSE9650_NAIVE_VS_EXHAUSTED_CD8_TCELL_UP,GSE9650_GP33_VS_GP276_LCMV_SPECIFIC_EXHAUSTED_CD8_TCELL_DN,,,,,,
51528,JKAMP,JNK1/MAPK8 associated membrane protein [Source:HGNC Symbol;Acc:HGNC:20184],GSE9650_EFFECTOR_VS_EXHAUSTED_CD8_TCELL_UP,,GSE9650_NAIVE_VS_EXHAUSTED_CD8_TCELL_UP,GSE9650_GP33_VS_GP276_LCMV_SPECIFIC_EXHAUSTED_CD8_TCELL_DN,,,,,,
5884,RAD17,RAD17 checkpoint clamp loader component [Source:HGNC Symbol;Acc:HGNC:9807],GSE9650_EFFECTOR_VS_EXHAUSTED_CD8_TCELL_UP,,GSE9650_NAIVE_VS_EXHAUSTED_CD8_TCELL_UP,GSE9650_GP33_VS_GP276_LCMV_SPECIFIC_EXHAUSTED_CD8_TCELL_DN,,,,,,
10907,TXNL4A,thioredoxin like 4A [Source:HGNC Symbol;Acc:HGNC:30551],GSE9650_EFFECTOR_VS_EXHAUSTED_CD8_TCELL_UP,,GSE9650_NAIVE_VS_EXHAUSTED_CD8_TCELL_UP,GSE9650_GP33_VS_GP276_LCMV_SPECIFIC_EXHAUSTED_CD8_TCELL_DN,,,,,,
10469,TIMM44,translocase of inner mitochondrial membrane 44 [Source:HGNC Symbol;Acc:HGNC:17316],GSE9650_EFFECTOR_VS_EXHAUSTED_CD8_TCELL_UP,,GSE9650_NAIVE_VS_EXHAUSTED_CD8_TCELL_UP,GSE9650_GP33_VS_GP276_LCMV_SPECIFIC_EXHAUSTED_CD8_TCELL_DN,,,,,,
138716,RPP25L,ribonuclease P/MRP subunit p25 like [Source:HGNC Symbol;Acc:HGNC:19909],GSE9650_EFFECTOR_VS_EXHAUSTED_CD8_TCELL_UP,,GSE9650_NAIVE_VS_EXHAUSTED_CD8_TCELL_UP,,,GSE9650_EFFECTOR_VS_MEMORY_CD8_TCELL_UP,,,GSE29164_UNTREATED_VS_CD8_TCELL_TREATED_MELANOMA_DAY7_UP,
51477,ISYNA1,inositol-3-phosphate synthase 1 [Source:HGNC Symbol;Acc:HGNC:29821],GSE9650_EFFECTOR_VS_EXHAUSTED_CD8_TCELL_UP,,GSE9650_NAIVE_VS_EXHAUSTED_CD8_TCELL_UP,,,,KAECH_DAY8_EFF_VS_DAY15_EFF_CD8_TCELL_UP,,,
2953,GSTT2,glutathione S-transferase theta 2 (gene/pseudogene) [Source:HGNC Symbol;Acc:HGNC:4642],GSE9650_EFFECTOR_VS_EXHAUSTED_CD8_TCELL_UP,,GSE9650_NAIVE_VS_EXHAUSTED_CD8_TCELL_UP,,,,KAECH_DAY8_EFF_VS_DAY15_EFF_CD8_TCELL_UP,,,
533,ATP6V0B,ATPase H+ transporting V0 subunit b [Source:HGNC Symbol;Acc:HGNC:861],GSE9650_EFFECTOR_VS_EXHAUSTED_CD8_TCELL_UP,,GSE9650_NAIVE_VS_EXHAUSTED_CD8_TCELL_UP,,,,,,GSE29164_UNTREATED_VS_CD8_TCELL_TREATED_MELANOMA_DAY7_UP,
2683,B4GALT1,"beta-1,4-galactosyltransferase 1 [Source:HGNC Symbol;Acc:HGNC:924]",GSE9650_EFFECTOR_VS_EXHAUSTED_CD8_TCELL_UP,,GSE9650_NAIVE_VS_EXHAUSTED_CD8_TCELL_UP,,,,,,,
10745,PHTF1,putative homeodomain transcription factor 1 [Source:HGNC Symbol;Acc:HGNC:8939],GSE9650_EFFECTOR_VS_EXHAUSTED_CD8_TCELL_UP,,GSE9650_NAIVE_VS_EXHAUSTED_CD8_TCELL_UP,,,,,,,
23157,6-Sep,septin 6 [Source:HGNC Symbol;Acc:HGNC:15848],GSE9650_EFFECTOR_VS_EXHAUSTED_CD8_TCELL_UP,,GSE9650_NAIVE_VS_EXHAUSTED_CD8_TCELL_UP,,,,,,,
23787,MTCH1,mitochondrial carrier 1 [Source:HGNC Symbol;Acc:HGNC:17586],GSE9650_EFFECTOR_VS_EXHAUSTED_CD8_TCELL_UP,,GSE9650_NAIVE_VS_EXHAUSTED_CD8_TCELL_UP,,,,,,,
64118,DUS1L,dihydrouridine synthase 1 like [Source:HGNC Symbol;Acc:HGNC:30086],GSE9650_EFFECTOR_VS_EXHAUSTED_CD8_TCELL_UP,,GSE9650_NAIVE_VS_EXHAUSTED_CD8_TCELL_UP,,,,,,,
222229,LRWD1,leucine rich repeats and WD repeat domain containing 1 [Source:HGNC Symbol;Acc:HGNC:21769],GSE9650_EFFECTOR_VS_EXHAUSTED_CD8_TCELL_UP,,GSE9650_NAIVE_VS_EXHAUSTED_CD8_TCELL_UP,,,,,,,
25844,YIPF3,Yip1 domain family member 3 [Source:HGNC Symbol;Acc:HGNC:21023],GSE9650_EFFECTOR_VS_EXHAUSTED_CD8_TCELL_UP,,GSE9650_NAIVE_VS_EXHAUSTED_CD8_TCELL_UP,,,,,,,
8315,BRAP,BRCA1 associated protein [Source:HGNC Symbol;Acc:HGNC:1099],GSE9650_EFFECTOR_VS_EXHAUSTED_CD8_TCELL_UP,,GSE9650_NAIVE_VS_EXHAUSTED_CD8_TCELL_UP,,,,,,,
10105,PPIF,peptidylprolyl isomerase F [Source:HGNC Symbol;Acc:HGNC:9259],GSE9650_EFFECTOR_VS_EXHAUSTED_CD8_TCELL_UP,,GSE9650_NAIVE_VS_EXHAUSTED_CD8_TCELL_UP,,,,,,,
5777,PTPN6,protein tyrosine phosphatase non-receptor type 6 [Source:HGNC Symbol;Acc:HGNC:9658],GSE9650_EFFECTOR_VS_EXHAUSTED_CD8_TCELL_UP,,GSE9650_NAIVE_VS_EXHAUSTED_CD8_TCELL_UP,,,,,,,
3337,DNAJB1,DnaJ heat shock protein family (Hsp40) member B1 [Source:HGNC Symbol;Acc:HGNC:5270],GSE9650_EFFECTOR_VS_EXHAUSTED_CD8_TCELL_UP,,GSE9650_NAIVE_VS_EXHAUSTED_CD8_TCELL_UP,,,,,,,
84516,DCTN5,dynactin subunit 5 [Source:HGNC Symbol;Acc:HGNC:24594],GSE9650_EFFECTOR_VS_EXHAUSTED_CD8_TCELL_UP,,GSE9650_NAIVE_VS_EXHAUSTED_CD8_TCELL_UP,,,,,,,
527,ATP6V0C,ATPase H+ transporting V0 subunit c [Source:HGNC Symbol;Acc:HGNC:855],GSE9650_EFFECTOR_VS_EXHAUSTED_CD8_TCELL_UP,,GSE9650_NAIVE_VS_EXHAUSTED_CD8_TCELL_UP,,,,,,,
79918,SETD6,"SET domain containing 6, protein lysine methyltransferase [Source:HGNC Symbol;Acc:HGNC:26116]",GSE9650_EFFECTOR_VS_EXHAUSTED_CD8_TCELL_UP,,GSE9650_NAIVE_VS_EXHAUSTED_CD8_TCELL_UP,,,,,,,
28964,GIT1,GIT ArfGAP 1 [Source:HGNC Symbol;Acc:HGNC:4272],GSE9650_EFFECTOR_VS_EXHAUSTED_CD8_TCELL_UP,,GSE9650_NAIVE_VS_EXHAUSTED_CD8_TCELL_UP,,,,,,,
80148,PQLC1,PQ loop repeat containing 1 [Source:HGNC Symbol;Acc:HGNC:26188],GSE9650_EFFECTOR_VS_EXHAUSTED_CD8_TCELL_UP,,GSE9650_NAIVE_VS_EXHAUSTED_CD8_TCELL_UP,,,,,,,
10522,DEAF1,DEAF1 transcription factor [Source:HGNC Symbol;Acc:HGNC:14677],GSE9650_EFFECTOR_VS_EXHAUSTED_CD8_TCELL_UP,,GSE9650_NAIVE_VS_EXHAUSTED_CD8_TCELL_UP,,,,,,,
6767,ST13,ST13 Hsp70 interacting protein [Source:HGNC Symbol;Acc:HGNC:11343],GSE9650_EFFECTOR_VS_EXHAUSTED_CD8_TCELL_UP,,GSE9650_NAIVE_VS_EXHAUSTED_CD8_TCELL_UP,,,,,,,
10542,LAMTOR5,"late endosomal/lysosomal adaptor, MAPK and MTOR activator 5 [Source:HGNC Symbol;Acc:HGNC:17955]",GSE9650_EFFECTOR_VS_EXHAUSTED_CD8_TCELL_UP,,,GSE9650_GP33_VS_GP276_LCMV_SPECIFIC_EXHAUSTED_CD8_TCELL_DN,GSE9650_NAIVE_VS_EFF_CD8_TCELL_DN,GSE9650_EFFECTOR_VS_MEMORY_CD8_TCELL_UP,KAECH_DAY8_EFF_VS_DAY15_EFF_CD8_TCELL_UP,KAECH_NAIVE_VS_DAY8_EFF_CD8_TCELL_DN,,
5558,PRIM2,DNA primase subunit 2 [Source:HGNC Symbol;Acc:HGNC:9370],GSE9650_EFFECTOR_VS_EXHAUSTED_CD8_TCELL_UP,,,GSE9650_GP33_VS_GP276_LCMV_SPECIFIC_EXHAUSTED_CD8_TCELL_DN,GSE9650_NAIVE_VS_EFF_CD8_TCELL_DN,GSE9650_EFFECTOR_VS_MEMORY_CD8_TCELL_UP,KAECH_DAY8_EFF_VS_DAY15_EFF_CD8_TCELL_UP,,,
9232,PTTG1,"PTTG1 regulator of sister chromatid separation, securin [Source:HGNC Symbol;Acc:HGNC:9690]",GSE9650_EFFECTOR_VS_EXHAUSTED_CD8_TCELL_UP,,,GSE9650_GP33_VS_GP276_LCMV_SPECIFIC_EXHAUSTED_CD8_TCELL_DN,GSE9650_NAIVE_VS_EFF_CD8_TCELL_DN,,,KAECH_NAIVE_VS_DAY8_EFF_CD8_TCELL_DN,,
51501,HIKESHI,"Hikeshi, heat shock protein nuclear import factor [Source:HGNC Symbol;Acc:HGNC:26938]",GSE9650_EFFECTOR_VS_EXHAUSTED_CD8_TCELL_UP,,,GSE9650_GP33_VS_GP276_LCMV_SPECIFIC_EXHAUSTED_CD8_TCELL_DN,,,KAECH_DAY8_EFF_VS_DAY15_EFF_CD8_TCELL_UP,,,
8636,SSNA1,SS nuclear autoantigen 1 [Source:HGNC Symbol;Acc:HGNC:11321],GSE9650_EFFECTOR_VS_EXHAUSTED_CD8_TCELL_UP,,,GSE9650_GP33_VS_GP276_LCMV_SPECIFIC_EXHAUSTED_CD8_TCELL_DN,,,KAECH_DAY8_EFF_VS_DAY15_EFF_CD8_TCELL_UP,,,
152007,GLIPR2,GLI pathogenesis related 2 [Source:HGNC Symbol;Acc:HGNC:18007],GSE9650_EFFECTOR_VS_EXHAUSTED_CD8_TCELL_UP,,,GSE9650_GP33_VS_GP276_LCMV_SPECIFIC_EXHAUSTED_CD8_TCELL_DN,,,,,,GSE33374_CD8_ALPHAALPHA_VS_ALPHABETA_CD161_HIGH_TCELL_DN
3059,HCLS1,hematopoietic cell-specific Lyn substrate 1 [Source:HGNC Symbol;Acc:HGNC:4844],GSE9650_EFFECTOR_VS_EXHAUSTED_CD8_TCELL_UP,,,GSE9650_GP33_VS_GP276_LCMV_SPECIFIC_EXHAUSTED_CD8_TCELL_DN,,,,,,
3182,HNRNPAB,heterogeneous nuclear ribonucleoprotein A/B [Source:HGNC Symbol;Acc:HGNC:5034],GSE9650_EFFECTOR_VS_EXHAUSTED_CD8_TCELL_UP,,,GSE9650_GP33_VS_GP276_LCMV_SPECIFIC_EXHAUSTED_CD8_TCELL_DN,,,,,,
5583,PRKCH,protein kinase C eta [Source:HGNC Symbol;Acc:HGNC:9403],GSE9650_EFFECTOR_VS_EXHAUSTED_CD8_TCELL_UP,,,GSE9650_GP33_VS_GP276_LCMV_SPECIFIC_EXHAUSTED_CD8_TCELL_DN,,,,,,
389203,SMIM20,small integral membrane protein 20 [Source:HGNC Symbol;Acc:HGNC:37260],GSE9650_EFFECTOR_VS_EXHAUSTED_CD8_TCELL_UP,,,GSE9650_GP33_VS_GP276_LCMV_SPECIFIC_EXHAUSTED_CD8_TCELL_DN,,,,,,
6642,SNX1,sorting nexin 1 [Source:HGNC Symbol;Acc:HGNC:11172],GSE9650_EFFECTOR_VS_EXHAUSTED_CD8_TCELL_UP,,,GSE9650_GP33_VS_GP276_LCMV_SPECIFIC_EXHAUSTED_CD8_TCELL_DN,,,,,,
7074,TIAM1,T cell lymphoma invasion and metastasis 1 [Source:HGNC Symbol;Acc:HGNC:11805],GSE9650_EFFECTOR_VS_EXHAUSTED_CD8_TCELL_UP,,,GSE9650_GP33_VS_GP276_LCMV_SPECIFIC_EXHAUSTED_CD8_TCELL_DN,,,,,,
8907,AP1M1,adaptor related protein complex 1 subunit mu 1 [Source:HGNC Symbol;Acc:HGNC:13667],GSE9650_EFFECTOR_VS_EXHAUSTED_CD8_TCELL_UP,,,GSE9650_GP33_VS_GP276_LCMV_SPECIFIC_EXHAUSTED_CD8_TCELL_DN,,,,,,
55076,TMEM45A,transmembrane protein 45A [Source:HGNC Symbol;Acc:HGNC:25480],GSE9650_EFFECTOR_VS_EXHAUSTED_CD8_TCELL_UP,,,GSE9650_GP33_VS_GP276_LCMV_SPECIFIC_EXHAUSTED_CD8_TCELL_DN,,,,,,
1759,DNM1,dynamin 1 [Source:HGNC Symbol;Acc:HGNC:2972],GSE9650_EFFECTOR_VS_EXHAUSTED_CD8_TCELL_UP,,,GSE9650_GP33_VS_GP276_LCMV_SPECIFIC_EXHAUSTED_CD8_TCELL_DN,,,,,,
9589,WTAP,WT1 associated protein [Source:HGNC Symbol;Acc:HGNC:16846],GSE9650_EFFECTOR_VS_EXHAUSTED_CD8_TCELL_UP,,,GSE9650_GP33_VS_GP276_LCMV_SPECIFIC_EXHAUSTED_CD8_TCELL_DN,,,,,,
85021,REPS1,RALBP1 associated Eps domain containing 1 [Source:HGNC Symbol;Acc:HGNC:15578],GSE9650_EFFECTOR_VS_EXHAUSTED_CD8_TCELL_UP,,,,GSE9650_NAIVE_VS_EFF_CD8_TCELL_DN,GSE9650_EFFECTOR_VS_MEMORY_CD8_TCELL_UP,KAECH_DAY8_EFF_VS_DAY15_EFF_CD8_TCELL_UP,KAECH_NAIVE_VS_DAY8_EFF_CD8_TCELL_DN,,GSE33374_CD8_ALPHAALPHA_VS_ALPHABETA_CD161_HIGH_TCELL_DN
115817,DHRS1,dehydrogenase/reductase 1 [Source:HGNC Symbol;Acc:HGNC:16445],GSE9650_EFFECTOR_VS_EXHAUSTED_CD8_TCELL_UP,,,,GSE9650_NAIVE_VS_EFF_CD8_TCELL_DN,GSE9650_EFFECTOR_VS_MEMORY_CD8_TCELL_UP,KAECH_DAY8_EFF_VS_DAY15_EFF_CD8_TCELL_UP,KAECH_NAIVE_VS_DAY8_EFF_CD8_TCELL_DN,,
1622,DBI,"diazepam binding inhibitor, acyl-CoA binding protein [Source:HGNC Symbol;Acc:HGNC:2690]",GSE9650_EFFECTOR_VS_EXHAUSTED_CD8_TCELL_UP,,,,GSE9650_NAIVE_VS_EFF_CD8_TCELL_DN,GSE9650_EFFECTOR_VS_MEMORY_CD8_TCELL_UP,KAECH_DAY8_EFF_VS_DAY15_EFF_CD8_TCELL_UP,KAECH_NAIVE_VS_DAY8_EFF_CD8_TCELL_DN,,
5479,PPIB,peptidylprolyl isomerase B [Source:HGNC Symbol;Acc:HGNC:9255],GSE9650_EFFECTOR_VS_EXHAUSTED_CD8_TCELL_UP,,,,GSE9650_NAIVE_VS_EFF_CD8_TCELL_DN,GSE9650_EFFECTOR_VS_MEMORY_CD8_TCELL_UP,KAECH_DAY8_EFF_VS_DAY15_EFF_CD8_TCELL_UP,,,
4712,NDUFB6,NADH:ubiquinone oxidoreductase subunit B6 [Source:HGNC Symbol;Acc:HGNC:7701],GSE9650_EFFECTOR_VS_EXHAUSTED_CD8_TCELL_UP,,,,GSE9650_NAIVE_VS_EFF_CD8_TCELL_DN,GSE9650_EFFECTOR_VS_MEMORY_CD8_TCELL_UP,KAECH_DAY8_EFF_VS_DAY15_EFF_CD8_TCELL_UP,,,
10219,KLRG1,killer cell lectin like receptor G1 [Source:HGNC Symbol;Acc:HGNC:6380],GSE9650_EFFECTOR_VS_EXHAUSTED_CD8_TCELL_UP,,,,GSE9650_NAIVE_VS_EFF_CD8_TCELL_DN,GSE9650_EFFECTOR_VS_MEMORY_CD8_TCELL_UP,,KAECH_NAIVE_VS_DAY8_EFF_CD8_TCELL_DN,,GSE33374_CD8_ALPHAALPHA_VS_ALPHABETA_CD161_HIGH_TCELL_DN
6095,RORA,RAR related orphan receptor A [Source:HGNC Symbol;Acc:HGNC:10258],GSE9650_EFFECTOR_VS_EXHAUSTED_CD8_TCELL_UP,,,,GSE9650_NAIVE_VS_EFF_CD8_TCELL_DN,GSE9650_EFFECTOR_VS_MEMORY_CD8_TCELL_UP,,KAECH_NAIVE_VS_DAY8_EFF_CD8_TCELL_DN,,
1509,CTSD,cathepsin D [Source:HGNC Symbol;Acc:HGNC:2529],GSE9650_EFFECTOR_VS_EXHAUSTED_CD8_TCELL_UP,,,,GSE9650_NAIVE_VS_EFF_CD8_TCELL_DN,GSE9650_EFFECTOR_VS_MEMORY_CD8_TCELL_UP,,,GSE29164_UNTREATED_VS_CD8_TCELL_TREATED_MELANOMA_DAY7_UP,GSE33374_CD8_ALPHAALPHA_VS_ALPHABETA_CD161_HIGH_TCELL_DN
5476,CTSA,cathepsin A [Source:HGNC Symbol;Acc:HGNC:9251],GSE9650_EFFECTOR_VS_EXHAUSTED_CD8_TCELL_UP,,,,GSE9650_NAIVE_VS_EFF_CD8_TCELL_DN,GSE9650_EFFECTOR_VS_MEMORY_CD8_TCELL_UP,,,GSE29164_UNTREATED_VS_CD8_TCELL_TREATED_MELANOMA_DAY7_UP,
9604,RNF14,ring finger protein 14 [Source:HGNC Symbol;Acc:HGNC:10058],GSE9650_EFFECTOR_VS_EXHAUSTED_CD8_TCELL_UP,,,,GSE9650_NAIVE_VS_EFF_CD8_TCELL_DN,GSE9650_EFFECTOR_VS_MEMORY_CD8_TCELL_UP,,,,
27257,LSM1,"LSM1 homolog, mRNA degradation associated [Source:HGNC Symbol;Acc:HGNC:20472]",GSE9650_EFFECTOR_VS_EXHAUSTED_CD8_TCELL_UP,,,,GSE9650_NAIVE_VS_EFF_CD8_TCELL_DN,GSE9650_EFFECTOR_VS_MEMORY_CD8_TCELL_UP,,,,
29127,RACGAP1,Rac GTPase activating protein 1 [Source:HGNC Symbol;Acc:HGNC:9804],GSE9650_EFFECTOR_VS_EXHAUSTED_CD8_TCELL_UP,,,,GSE9650_NAIVE_VS_EFF_CD8_TCELL_DN,,KAECH_DAY8_EFF_VS_DAY15_EFF_CD8_TCELL_UP,KAECH_NAIVE_VS_DAY8_EFF_CD8_TCELL_DN,,
28960,DCPS,"decapping enzyme, scavenger [Source:HGNC Symbol;Acc:HGNC:29812]",GSE9650_EFFECTOR_VS_EXHAUSTED_CD8_TCELL_UP,,,,GSE9650_NAIVE_VS_EFF_CD8_TCELL_DN,,KAECH_DAY8_EFF_VS_DAY15_EFF_CD8_TCELL_UP,KAECH_NAIVE_VS_DAY8_EFF_CD8_TCELL_DN,,
6251,RSU1,Ras suppressor protein 1 [Source:HGNC Symbol;Acc:HGNC:10464],GSE9650_EFFECTOR_VS_EXHAUSTED_CD8_TCELL_UP,,,,GSE9650_NAIVE_VS_EFF_CD8_TCELL_DN,,,KAECH_NAIVE_VS_DAY8_EFF_CD8_TCELL_DN,,
8986,RPS6KA4,ribosomal protein S6 kinase A4 [Source:HGNC Symbol;Acc:HGNC:10433],GSE9650_EFFECTOR_VS_EXHAUSTED_CD8_TCELL_UP,,,,GSE9650_NAIVE_VS_EFF_CD8_TCELL_DN,,,,,GSE33374_CD8_ALPHAALPHA_VS_ALPHABETA_CD161_HIGH_TCELL_DN
27143,PALD1,phosphatase domain containing paladin 1 [Source:HGNC Symbol;Acc:HGNC:23530],GSE9650_EFFECTOR_VS_EXHAUSTED_CD8_TCELL_UP,,,,GSE9650_NAIVE_VS_EFF_CD8_TCELL_DN,,,,,
26580,BSCL2,"BSCL2 lipid droplet biogenesis associated, seipin [Source:HGNC Symbol;Acc:HGNC:15832]",GSE9650_EFFECTOR_VS_EXHAUSTED_CD8_TCELL_UP,,,,GSE9650_NAIVE_VS_EFF_CD8_TCELL_DN,,,,,
50808,AK3,adenylate kinase 3 [Source:HGNC Symbol;Acc:HGNC:17376],GSE9650_EFFECTOR_VS_EXHAUSTED_CD8_TCELL_UP,,,,,GSE9650_EFFECTOR_VS_MEMORY_CD8_TCELL_UP,KAECH_DAY8_EFF_VS_DAY15_EFF_CD8_TCELL_UP,KAECH_NAIVE_VS_DAY8_EFF_CD8_TCELL_DN,,
284194,LGALS9B,galectin 9B [Source:HGNC Symbol;Acc:HGNC:24842],GSE9650_EFFECTOR_VS_EXHAUSTED_CD8_TCELL_UP,,,,,GSE9650_EFFECTOR_VS_MEMORY_CD8_TCELL_UP,KAECH_DAY8_EFF_VS_DAY15_EFF_CD8_TCELL_UP,,,
2274,FHL2,four and a half LIM domains 2 [Source:HGNC Symbol;Acc:HGNC:3703],GSE9650_EFFECTOR_VS_EXHAUSTED_CD8_TCELL_UP,,,,,GSE9650_EFFECTOR_VS_MEMORY_CD8_TCELL_UP,,,,
54834,GDAP2,ganglioside induced differentiation associated protein 2 [Source:HGNC Symbol;Acc:HGNC:18010],GSE9650_EFFECTOR_VS_EXHAUSTED_CD8_TCELL_UP,,,,,GSE9650_EFFECTOR_VS_MEMORY_CD8_TCELL_UP,,,,
84936,ZFYVE19,zinc finger FYVE-type containing 19 [Source:HGNC Symbol;Acc:HGNC:20758],GSE9650_EFFECTOR_VS_EXHAUSTED_CD8_TCELL_UP,,,,,GSE9650_EFFECTOR_VS_MEMORY_CD8_TCELL_UP,,,,
1032,CDKN2D,cyclin dependent kinase inhibitor 2D [Source:HGNC Symbol;Acc:HGNC:1790],GSE9650_EFFECTOR_VS_EXHAUSTED_CD8_TCELL_UP,,,,,GSE9650_EFFECTOR_VS_MEMORY_CD8_TCELL_UP,,,,
8776,MTMR1,myotubularin related protein 1 [Source:HGNC Symbol;Acc:HGNC:7449],GSE9650_EFFECTOR_VS_EXHAUSTED_CD8_TCELL_UP,,,,,GSE9650_EFFECTOR_VS_MEMORY_CD8_TCELL_UP,,,,
23464,GCAT,glycine C-acetyltransferase [Source:HGNC Symbol;Acc:HGNC:4188],GSE9650_EFFECTOR_VS_EXHAUSTED_CD8_TCELL_UP,,,,,GSE9650_EFFECTOR_VS_MEMORY_CD8_TCELL_UP,,,,
7511,XPNPEP1,X-prolyl aminopeptidase 1 [Source:HGNC Symbol;Acc:HGNC:12822],GSE9650_EFFECTOR_VS_EXHAUSTED_CD8_TCELL_UP,,,,,GSE9650_EFFECTOR_VS_MEMORY_CD8_TCELL_UP,,,,
55907,CMAS,cytidine monophosphate N-acetylneuraminic acid synthetase [Source:HGNC Symbol;Acc:HGNC:18290],GSE9650_EFFECTOR_VS_EXHAUSTED_CD8_TCELL_UP,,,,,,KAECH_DAY8_EFF_VS_DAY15_EFF_CD8_TCELL_UP,,,
10519,CIB1,calcium and integrin binding 1 [Source:HGNC Symbol;Acc:HGNC:16920],GSE9650_EFFECTOR_VS_EXHAUSTED_CD8_TCELL_UP,,,,,,KAECH_DAY8_EFF_VS_DAY15_EFF_CD8_TCELL_UP,,,
1155,TBCB,tubulin folding cofactor B [Source:HGNC Symbol;Acc:HGNC:1989],GSE9650_EFFECTOR_VS_EXHAUSTED_CD8_TCELL_UP,,,,,,,KAECH_NAIVE_VS_DAY8_EFF_CD8_TCELL_DN,,
6609,SMPD1,sphingomyelin phosphodiesterase 1 [Source:HGNC Symbol;Acc:HGNC:11120],GSE9650_EFFECTOR_VS_EXHAUSTED_CD8_TCELL_UP,,,,,,,,GSE29164_UNTREATED_VS_CD8_TCELL_TREATED_MELANOMA_DAY7_UP,GSE33374_CD8_ALPHAALPHA_VS_ALPHABETA_CD161_HIGH_TCELL_DN
5691,PSMB3,proteasome subunit beta 3 [Source:HGNC Symbol;Acc:HGNC:9540],GSE9650_EFFECTOR_VS_EXHAUSTED_CD8_TCELL_UP,,,,,,,,GSE29164_UNTREATED_VS_CD8_TCELL_TREATED_MELANOMA_DAY7_UP,GSE33374_CD8_ALPHAALPHA_VS_ALPHABETA_CD161_HIGH_TCELL_DN
57175,CORO1B,coronin 1B [Source:HGNC Symbol;Acc:HGNC:2253],GSE9650_EFFECTOR_VS_EXHAUSTED_CD8_TCELL_UP,,,,,,,,GSE29164_UNTREATED_VS_CD8_TCELL_TREATED_MELANOMA_DAY7_UP,GSE33374_CD8_ALPHAALPHA_VS_ALPHABETA_CD161_HIGH_TCELL_DN
389541,LAMTOR4,"late endosomal/lysosomal adaptor, MAPK and MTOR activator 4 [Source:HGNC Symbol;Acc:HGNC:33772]",GSE9650_EFFECTOR_VS_EXHAUSTED_CD8_TCELL_UP,,,,,,,,GSE29164_UNTREATED_VS_CD8_TCELL_TREATED_MELANOMA_DAY7_UP,
112616,CMTM7,CKLF like MARVEL transmembrane domain containing 7 [Source:HGNC Symbol;Acc:HGNC:19178],GSE9650_EFFECTOR_VS_EXHAUSTED_CD8_TCELL_UP,,,,,,,,GSE29164_UNTREATED_VS_CD8_TCELL_TREATED_MELANOMA_DAY7_UP,
1376,CPT2,carnitine palmitoyltransferase 2 [Source:HGNC Symbol;Acc:HGNC:2330],GSE9650_EFFECTOR_VS_EXHAUSTED_CD8_TCELL_UP,,,,,,,,GSE29164_UNTREATED_VS_CD8_TCELL_TREATED_MELANOMA_DAY7_UP,
8890,EIF2B4,eukaryotic translation initiation factor 2B subunit delta [Source:HGNC Symbol;Acc:HGNC:3260],GSE9650_EFFECTOR_VS_EXHAUSTED_CD8_TCELL_UP,,,,,,,,,GSE33374_CD8_ALPHAALPHA_VS_ALPHABETA_CD161_HIGH_TCELL_DN
9775,EIF4A3,eukaryotic translation initiation factor 4A3 [Source:HGNC Symbol;Acc:HGNC:18683],GSE9650_EFFECTOR_VS_EXHAUSTED_CD8_TCELL_UP,,,,,,,,,GSE33374_CD8_ALPHAALPHA_VS_ALPHABETA_CD161_HIGH_TCELL_DN
9343,EFTUD2,elongation factor Tu GTP binding domain containing 2 [Source:HGNC Symbol;Acc:HGNC:30858],GSE9650_EFFECTOR_VS_EXHAUSTED_CD8_TCELL_UP,,,,,,,,,GSE33374_CD8_ALPHAALPHA_VS_ALPHABETA_CD161_HIGH_TCELL_DN
23075,SWAP70,switching B cell complex subunit SWAP70 [Source:HGNC Symbol;Acc:HGNC:17070],GSE9650_EFFECTOR_VS_EXHAUSTED_CD8_TCELL_UP,,,,,,,,,
23646,PLD3,phospholipase D family member 3 [Source:HGNC Symbol;Acc:HGNC:17158],GSE9650_EFFECTOR_VS_EXHAUSTED_CD8_TCELL_UP,,,,,,,,,
539,ATP5PO,ATP synthase peripheral stalk subunit OSCP [Source:HGNC Symbol;Acc:HGNC:850],GSE9650_EFFECTOR_VS_EXHAUSTED_CD8_TCELL_UP,,,,,,,,,
2872,MKNK2,MAP kinase interacting serine/threonine kinase 2 [Source:HGNC Symbol;Acc:HGNC:7111],GSE9650_EFFECTOR_VS_EXHAUSTED_CD8_TCELL_UP,,,,,,,,,
51386,EIF3L,eukaryotic translation initiation factor 3 subunit L [Source:HGNC Symbol;Acc:HGNC:18138],GSE9650_EFFECTOR_VS_EXHAUSTED_CD8_TCELL_UP,,,,,,,,,
55163,PNPO,pyridoxamine 5'-phosphate oxidase [Source:HGNC Symbol;Acc:HGNC:30260],GSE9650_EFFECTOR_VS_EXHAUSTED_CD8_TCELL_UP,,,,,,,,,
9555,H2AFY,H2A histone family member Y [Source:HGNC Symbol;Acc:HGNC:4740],GSE9650_EFFECTOR_VS_EXHAUSTED_CD8_TCELL_UP,,,,,,,,,
23326,USP22,ubiquitin specific peptidase 22 [Source:HGNC Symbol;Acc:HGNC:12621],GSE9650_EFFECTOR_VS_EXHAUSTED_CD8_TCELL_UP,,,,,,,,,
7453,WARS,tryptophanyl-tRNA synthetase [Source:HGNC Symbol;Acc:HGNC:12729],GSE9650_EFFECTOR_VS_EXHAUSTED_CD8_TCELL_UP,,,,,,,,,
10130,PDIA6,protein disulfide isomerase family A member 6 [Source:HGNC Symbol;Acc:HGNC:30168],GSE9650_EFFECTOR_VS_EXHAUSTED_CD8_TCELL_UP,,,,,,,,,
84333,PCGF5,polycomb group ring finger 5 [Source:HGNC Symbol;Acc:HGNC:28264],GSE9650_EFFECTOR_VS_EXHAUSTED_CD8_TCELL_UP,,,,,,,,,
11322,TMC6,transmembrane channel like 6 [Source:HGNC Symbol;Acc:HGNC:18021],GSE9650_EFFECTOR_VS_EXHAUSTED_CD8_TCELL_UP,,,,,,,,,
25804,LSM4,"LSM4 homolog, U6 small nuclear RNA and mRNA degradation associated [Source:NCBI gene;Acc:25804]",GSE9650_EFFECTOR_VS_EXHAUSTED_CD8_TCELL_UP,,,,,,,,,
5571,PRKAG1,protein kinase AMP-activated non-catalytic subunit gamma 1 [Source:HGNC Symbol;Acc:HGNC:9385],GSE9650_EFFECTOR_VS_EXHAUSTED_CD8_TCELL_UP,,,,,,,,,
10295,BCKDK,branched chain ketoacid dehydrogenase kinase [Source:HGNC Symbol;Acc:HGNC:16902],GSE9650_EFFECTOR_VS_EXHAUSTED_CD8_TCELL_UP,,,,,,,,,
20,ABCA2,ATP binding cassette subfamily A member 2 [Source:HGNC Symbol;Acc:HGNC:32],GSE9650_EFFECTOR_VS_EXHAUSTED_CD8_TCELL_UP,,,,,,,,,
64981,MRPL34,mitochondrial ribosomal protein L34 [Source:HGNC Symbol;Acc:HGNC:14488],GSE9650_EFFECTOR_VS_EXHAUSTED_CD8_TCELL_UP,,,,,,,,,
7328,UBE2H,ubiquitin conjugating enzyme E2 H [Source:HGNC Symbol;Acc:HGNC:12484],GSE9650_EFFECTOR_VS_EXHAUSTED_CD8_TCELL_UP,,,,,,,,,
7278,TUBA3C,tubulin alpha 3c [Source:HGNC Symbol;Acc:HGNC:12408],GSE9650_EFFECTOR_VS_EXHAUSTED_CD8_TCELL_UP,,,,,,,,,
8818,DPM2,"dolichyl-phosphate mannosyltransferase subunit 2, regulatory [Source:HGNC Symbol;Acc:HGNC:3006]",GSE9650_EFFECTOR_VS_EXHAUSTED_CD8_TCELL_UP,,,,,,,,,
4242,MFNG,MFNG O-fucosylpeptide 3-beta-N-acetylglucosaminyltransferase [Source:HGNC Symbol;Acc:HGNC:7038],GSE9650_EFFECTOR_VS_EXHAUSTED_CD8_TCELL_UP,,,,,,,,,
8078,USP5,ubiquitin specific peptidase 5 [Source:HGNC Symbol;Acc:HGNC:12628],GSE9650_EFFECTOR_VS_EXHAUSTED_CD8_TCELL_UP,,,,,,,,,
10430,TMEM147,transmembrane protein 147 [Source:HGNC Symbol;Acc:HGNC:30414],GSE9650_EFFECTOR_VS_EXHAUSTED_CD8_TCELL_UP,,,,,,,,,
5690,PSMB2,proteasome subunit beta 2 [Source:HGNC Symbol;Acc:HGNC:9539],GSE9650_EFFECTOR_VS_EXHAUSTED_CD8_TCELL_UP,,,,,,,,,
3692,EIF6,eukaryotic translation initiation factor 6 [Source:HGNC Symbol;Acc:HGNC:6159],GSE9650_EFFECTOR_VS_EXHAUSTED_CD8_TCELL_UP,,,,,,,,,
29100,TMEM208,transmembrane protein 208 [Source:HGNC Symbol;Acc:HGNC:25015],GSE9650_EFFECTOR_VS_EXHAUSTED_CD8_TCELL_UP,,,,,,,,,
149951,COMMD7,COMM domain containing 7 [Source:HGNC Symbol;Acc:HGNC:16223],GSE9650_EFFECTOR_VS_EXHAUSTED_CD8_TCELL_UP,,,,,,,,,
11040,PIM2,"Pim-2 proto-oncogene, serine/threonine kinase [Source:HGNC Symbol;Acc:HGNC:8987]",GSE9650_EFFECTOR_VS_EXHAUSTED_CD8_TCELL_UP,,,,,,,,,
9709,HERPUD1,homocysteine inducible ER protein with ubiquitin like domain 1 [Source:HGNC Symbol;Acc:HGNC:13744],GSE9650_EFFECTOR_VS_EXHAUSTED_CD8_TCELL_UP,,,,,,,,,
51428,DDX41,DEAD-box helicase 41 [Source:HGNC Symbol;Acc:HGNC:18674],GSE9650_EFFECTOR_VS_EXHAUSTED_CD8_TCELL_UP,,,,,,,,,
11187,PKP3,plakophilin 3 [Source:HGNC Symbol;Acc:HGNC:9025],GSE9650_EFFECTOR_VS_EXHAUSTED_CD8_TCELL_UP,,,,,,,,,
26001,RNF167,ring finger protein 167 [Source:HGNC Symbol;Acc:HGNC:24544],GSE9650_EFFECTOR_VS_EXHAUSTED_CD8_TCELL_UP,,,,,,,,,
81617,CAB39L,calcium binding protein 39 like [Source:HGNC Symbol;Acc:HGNC:20290],GSE9650_EFFECTOR_VS_EXHAUSTED_CD8_TCELL_UP,,,,,,,,,
10139,ARFRP1,ADP ribosylation factor related protein 1 [Source:HGNC Symbol;Acc:HGNC:662],GSE9650_EFFECTOR_VS_EXHAUSTED_CD8_TCELL_UP,,,,,,,,,
204851,HIPK1,homeodomain interacting protein kinase 1 [Source:HGNC Symbol;Acc:HGNC:19006],GSE9650_EFFECTOR_VS_EXHAUSTED_CD8_TCELL_UP,,,,,,,,,
6342,SCP2,sterol carrier protein 2 [Source:HGNC Symbol;Acc:HGNC:10606],GSE9650_EFFECTOR_VS_EXHAUSTED_CD8_TCELL_UP,,,,,,,,,
9637,FEZ2,fasciculation and elongation protein zeta 2 [Source:HGNC Symbol;Acc:HGNC:3660],GSE9650_EFFECTOR_VS_EXHAUSTED_CD8_TCELL_UP,,,,,,,,,
284307,ZIK1,zinc finger protein interacting with K protein 1 [Source:HGNC Symbol;Acc:HGNC:33104],GSE9650_EFFECTOR_VS_EXHAUSTED_CD8_TCELL_UP,,,,,,,,,
55743,CHFR,checkpoint with forkhead and ring finger domains [Source:HGNC Symbol;Acc:HGNC:20455],GSE9650_EFFECTOR_VS_EXHAUSTED_CD8_TCELL_UP,,,,,,,,,
29979,UBQLN1,ubiquilin 1 [Source:HGNC Symbol;Acc:HGNC:12508],GSE9650_EFFECTOR_VS_EXHAUSTED_CD8_TCELL_UP,,,,,,,,,
90231,KIAA2013,KIAA2013 [Source:HGNC Symbol;Acc:HGNC:28513],GSE9650_EFFECTOR_VS_EXHAUSTED_CD8_TCELL_UP,,,,,,,,,
29919,RMC1,regulator of MON1-CCZ1 [Source:HGNC Symbol;Acc:HGNC:24326],GSE9650_EFFECTOR_VS_EXHAUSTED_CD8_TCELL_UP,,,,,,,,,
8048,CSRP3,cysteine and glycine rich protein 3 [Source:HGNC Symbol;Acc:HGNC:2472],GSE9650_EFFECTOR_VS_EXHAUSTED_CD8_TCELL_UP,,,,,,,,,
4062,LY6H,lymphocyte antigen 6 family member H [Source:HGNC Symbol;Acc:HGNC:6728],GSE9650_EFFECTOR_VS_EXHAUSTED_CD8_TCELL_UP,,,,,,,,,
65264,UBE2Z,ubiquitin conjugating enzyme E2 Z [Source:HGNC Symbol;Acc:HGNC:25847],GSE9650_EFFECTOR_VS_EXHAUSTED_CD8_TCELL_UP,,,,,,,,,
1800,DPEP1,dipeptidase 1 [Source:HGNC Symbol;Acc:HGNC:3002],GSE9650_EFFECTOR_VS_EXHAUSTED_CD8_TCELL_UP,,,,,,,,,
2261,FGFR3,fibroblast growth factor receptor 3 [Source:HGNC Symbol;Acc:HGNC:3690],GSE9650_EFFECTOR_VS_EXHAUSTED_CD8_TCELL_UP,,,,,,,,,
92154,MTSS2,MTSS I-BAR domain containing 2 [Source:HGNC Symbol;Acc:HGNC:25094],GSE9650_EFFECTOR_VS_EXHAUSTED_CD8_TCELL_UP,,,,,,,,,